Urtea,Langabezia Tasa
1997,12.069270859687293
1998,10.730278803825328
1999,9.158212315943935
2000,8.045969741436016
2001,7.3125917117846475
2003,6.612093606934535
2004,6.152541191234227
2005,6.8065754920870996
2007,6.741183405962109
2008,7.540678915075008
2016,12.0
2017,9.5
2018,8.5
2019,8.01
2020,9.47
2022,7.454848213142053
2023,7.043840625930178
2024,6.874744677351755
