Urtea,Langabezia Tasa
2016,12.0
2017,9.5
2018,8.5
2019,8.01
2020,9.47
1997,12.069270859687293
1998,10.730278803825328
1999,9.158212315943935
2000,8.045969741436016
2001,7.367618782573496
2001,7.257564640995799
2003,6.612093606934535
2004,6.152541191234227
2005,6.718121819153633
2005,6.895029165020566
2007,6.741183405962109
2008,7.540678915075008
2024,6.874744677351755
2023,7.043840625930178
2022,7.454848213142053
2021,7.841738871266473
